{"cameraMode":{"drawMode":0,"name":"Shaded","section":"Shading Mode"},"sceneLighting":false,"audioPlay":false,"sceneViewState":{"showFog":true,"showMaterialUpdate":false,"showSkybox":true,"showFlares":true,"showImageEffects":true,"showParticleSystems":true},"in2DMode":false,"pivot":{"x":-0.3103811740875244,"y":-0.1294901967048645,"z":-1.9534801244735718},"rotation":{"x":0.031791578978300098,"y":-0.26745474338531496,"z":0.008828923106193543,"w":0.9630054235458374},"size":1.6650958061218262,"orthographic":false}