{"cameraMode":{"drawMode":0,"name":"Shaded","section":"Shading Mode"},"sceneLighting":false,"audioPlay":false,"sceneViewState":{"showFog":true,"showMaterialUpdate":false,"showSkybox":true,"showFlares":true,"showImageEffects":true,"showParticleSystems":true},"in2DMode":false,"pivot":{"x":0.12142574787139893,"y":-0.00417910423129797,"z":0.13872289657592774},"rotation":{"x":-0.0013020260958001018,"y":-0.49549147486686709,"z":-0.0007433134014718235,"w":0.8686115145683289},"size":1.5747442245483399,"orthographic":false}