{"cameraMode":{"drawMode":0,"name":"Shaded","section":"Shading Mode"},"sceneLighting":false,"audioPlay":false,"sceneViewState":{"showFog":true,"showMaterialUpdate":false,"showSkybox":true,"showFlares":true,"showImageEffects":true,"showParticleSystems":true},"in2DMode":false,"pivot":{"x":0.006864011287689209,"y":-0.004799528047442436,"z":-0.7413012981414795},"rotation":{"x":-0.10345792770385742,"y":0.5032467842102051,"z":-0.06083996221423149,"w":-0.8557672500610352},"size":0.27580443024635317,"orthographic":false}