{"cameraMode":{"drawMode":0,"name":"Shaded","section":"Shading Mode"},"sceneLighting":false,"audioPlay":false,"sceneViewState":{"showFog":true,"showMaterialUpdate":false,"showSkybox":true,"showFlares":true,"showImageEffects":true,"showParticleSystems":true},"in2DMode":false,"pivot":{"x":28.191835403442384,"y":-4.465338230133057,"z":147.9847412109375},"rotation":{"x":0.005332769826054573,"y":-0.4585757553577423,"z":0.0027513750828802587,"w":0.8886350989341736},"size":1.490996241569519,"orthographic":false}