{"cameraMode":{"drawMode":0,"name":"Shaded","section":"Shading Mode"},"sceneLighting":false,"audioPlay":false,"sceneViewState":{"showFog":true,"showMaterialUpdate":false,"showSkybox":true,"showFlares":true,"showImageEffects":true,"showParticleSystems":true},"in2DMode":false,"pivot":{"x":24.806446075439454,"y":-4.4642333984375,"z":146.99974060058595},"rotation":{"x":0.005332769826054573,"y":-0.4585757553577423,"z":0.0027513750828802587,"w":0.8886350989341736},"size":1.5642521381378174,"orthographic":false}